IP,PORT,匿名度,类型,位置,响应速度,最后验证时间
180.104.62.103,9000,高匿名,HTTP,江苏省徐州市  电信,1秒,2019-08-05 14:30:52
115.29.170.58,8118,高匿名,HTTP,中国 浙江省 杭州市 阿里云,0.5秒,2019-08-05 13:30:59
123.132.232.254,61017,高匿名,HTTP,山东省临沂市  联通,0.8秒,2019-08-05 12:31:00
183.129.207.80,12834,高匿名,HTTP,浙江省杭州市  电信,0.9秒,2019-08-05 11:30:57
175.44.187.160,9000,高匿名,HTTP,中国 福建省 三明市 联通,2秒,2019-08-05 10:30:57
113.117.67.38,9999,高匿名,HTTP,广东省揭阳市  电信,2秒,2019-08-05 09:30:31
163.204.247.56,9999,高匿名,HTTP,广东省汕尾市  联通,2秒,2019-08-05 08:30:58
180.104.63.134,9000,高匿名,HTTP,江苏省徐州市  电信,0.5秒,2019-08-05 07:30:54
124.93.201.59,42672,高匿名,HTTP,辽宁省大连市  联通,0.5秒,2019-08-05 06:31:01
125.110.89.147,9000,高匿名,HTTP,中国 浙江省 温州市 电信,0.7秒,2019-08-05 05:30:54
121.232.194.122,9000,高匿名,HTTP,中国 江苏省 镇江市 电信,3秒,2019-08-05 04:30:56
117.90.137.72,9000,高匿名,HTTP,江苏省镇江市  电信,1.0秒,2019-08-05 03:30:57
115.28.148.192,8118,高匿名,HTTP,山东省青岛市 阿里云计算有限公司 阿里云,3秒,2019-08-05 02:31:00
111.75.223.9,30646,高匿名,HTTP,江西省南昌市  电信,3秒,2019-08-05 01:30:57
58.22.210.172,9000,高匿名,HTTP,中国 福建省 三明市 联通,3秒,2019-08-05 00:30:56
117.90.252.59,9000,高匿名,HTTP,江苏省镇江市  电信,0.5秒,2019-08-04 23:31:01
115.211.43.113,9000,高匿名,HTTP,浙江省金华市  电信,3秒,2019-08-04 22:30:58
121.233.251.253,9999,高匿名,HTTP,江苏省扬州市  电信,2秒,2019-08-04 21:30:59
218.58.193.98,8060,高匿名,HTTP,山东省威海市  联通,3秒,2019-08-04 20:30:59
118.187.58.35,53281,高匿名,HTTP,北京市海淀区 旭辉信通科技发展（北京）有限公司 联通,1秒,2019-08-04 19:30:59
183.129.207.86,13879,高匿名,HTTP,浙江省杭州市  电信,1秒,2019-08-04 18:30:54
219.159.38.200,56210,高匿名,HTTP,内蒙古自治区赤峰市  联通,0.5秒,2019-08-04 17:30:59
36.248.129.232,9999,高匿名,HTTP,福建省宁德市  联通,3秒,2019-08-04 16:31:01
183.147.31.204,9000,高匿名,HTTP,浙江省金华市  电信,3秒,2019-08-04 15:30:45
47.104.172.108,8118,高匿名,HTTP,山东省青岛市  阿里云,1秒,2019-08-04 14:31:01
121.232.194.100,9000,高匿名,HTTP,中国 江苏省 镇江市 电信,1秒,2019-08-04 13:30:59
115.29.170.58,8118,高匿名,HTTP,中国 浙江省 杭州市 阿里云,0.4秒,2019-08-04 12:31:00
124.42.68.152,90,高匿名,HTTP,中国 北京 北京 电信,2秒,2019-08-04 11:30:48
119.188.171.32,8081,高匿名,HTTP,山东省济南市  联通,3秒,2019-08-04 10:30:53
14.29.232.142,8082,高匿名,HTTP,广东省广州市  电信,2秒,2019-08-04 09:31:00
180.118.128.71,9000,高匿名,HTTP,中国 江苏省 镇江市 电信,0.3秒,2019-08-04 08:31:01
61.176.223.7,58822,高匿名,HTTP,辽宁省葫芦岛市  联通,3秒,2019-08-04 07:31:00
117.90.4.204,9000,高匿名,HTTP,中国 江苏省 镇江市 电信,3秒,2019-08-04 06:31:00
193.112.128.212,8118,高匿名,HTTP,广东省广州市 腾讯云计算（北京）有限责任公司 腾讯云,2秒,2019-08-04 05:30:56
121.232.148.49,9000,高匿名,HTTP,中国 江苏省 镇江市 电信,3秒,2019-08-04 04:30:59
117.90.3.4,9000,高匿名,HTTP,中国 江苏省 镇江市 电信,0.8秒,2019-08-04 03:30:51
183.154.241.52,9000,高匿名,HTTP,浙江省金华市  电信,2秒,2019-08-04 02:31:00
188.131.239.119,8118,高匿名,HTTP,天津市天津市  腾讯云,3秒,2019-08-04 01:30:57
203.110.164.139,52144,高匿名,HTTP,上海市上海市  电信,3秒,2019-08-04 00:30:55
47.94.136.5,8118,高匿名,HTTP,北京市北京市  阿里云,2秒,2019-08-03 23:30:56
183.129.207.81,12655,高匿名,HTTP,浙江省杭州市  电信,2秒,2019-08-03 22:31:01
180.118.247.3,9000,高匿名,HTTP,中国 江苏省 镇江市 电信,1秒,2019-08-03 21:30:53
1.198.72.148,9999,高匿名,HTTP,河南省济源市  电信,3秒,2019-08-03 20:30:57
125.73.220.18,49128,高匿名,HTTP,广西壮族自治区钦州市  电信,3秒,2019-08-03 19:30:59
120.26.199.103,8118,高匿名,HTTP,中国 浙江省 杭州市 阿里云,2秒,2019-08-03 18:31:00
120.26.199.103,8118,高匿名,HTTP,中国 浙江省 杭州市 阿里云,2秒,2019-08-03 18:31:00
123.132.232.254,61017,高匿名,HTTP,山东省临沂市  联通,0.8秒,2019-08-03 17:30:53
183.129.207.80,14512,高匿名,HTTP,浙江省杭州市  电信,3秒,2019-08-03 16:30:53
117.90.252.104,9000,高匿名,HTTP,江苏省镇江市  电信,2秒,2019-08-03 15:31:01
183.129.207.80,14512,高匿名,HTTP,浙江省杭州市  电信,2秒,2019-08-03 14:30:55
183.129.207.86,13572,高匿名,HTTP,浙江省杭州市  电信,3秒,2019-08-03 13:30:52
117.90.7.121,9000,高匿名,HTTP,中国 江苏省 镇江市 电信,0.8秒,2019-08-03 12:31:00
117.90.137.151,9000,高匿名,HTTP,中国 江苏省 镇江市 电信,3秒,2019-08-03 11:31:01
112.111.119.47,9000,高匿名,HTTP,中国 福建省 三明市 联通,1秒,2019-08-03 10:31:01
125.108.124.233,9000,高匿名,HTTP,浙江省温州市  电信,1秒,2019-08-03 09:30:55
117.90.3.186,9000,高匿名,HTTP,中国 江苏省 镇江市 电信,1秒,2019-08-03 08:31:01
120.234.138.100,53779,高匿名,HTTP,广东省东莞市  移动,2秒,2019-08-03 07:30:53
211.159.219.225,8118,高匿名,HTTP,上海市上海市 腾讯云计算（北京）有限责任公司 腾讯云,0.8秒,2019-08-03 06:31:00
180.104.63.73,9000,高匿名,HTTP,江苏省徐州市  电信,1秒,2019-08-03 05:30:58
59.62.26.208,9000,高匿名,HTTP,江西省萍乡市  电信,3秒,2019-08-03 04:30:59
163.204.245.41,9999,高匿名,HTTP,广东省汕尾市  联通,1秒,2019-08-03 03:30:51
117.90.6.104,9000,高匿名,HTTP,中国 江苏省 镇江市 电信,0.4秒,2019-08-03 02:30:58
163.204.245.154,9999,高匿名,HTTP,广东省汕尾市  联通,2秒,2019-08-03 01:30:59
117.90.6.68,9000,高匿名,HTTP,中国 江苏省 镇江市 电信,2秒,2019-08-03 00:31:00
117.90.4.226,9000,高匿名,HTTP,中国 江苏省 镇江市 电信,0.4秒,2019-08-02 23:31:01
115.210.31.75,9000,高匿名,HTTP,浙江省金华市  电信,1秒,2019-08-02 22:30:55
163.204.241.101,9999,高匿名,HTTP,广东省汕尾市  联通,2秒,2019-08-02 21:30:58
121.232.194.212,9000,高匿名,HTTP,中国 江苏省 镇江市 电信,1秒,2019-08-02 20:30:51
183.129.207.92,13007,高匿名,HTTP,浙江省杭州市  电信,3秒,2019-08-02 19:30:59
112.111.108.79,9000,高匿名,HTTP,中国 福建省 三明市 联通,1秒,2019-08-02 18:30:51
180.104.62.128,9000,高匿名,HTTP,江苏省徐州市  电信,0.7秒,2019-08-02 17:31:01
163.204.247.149,9999,高匿名,HTTP,广东省汕尾市  联通,0.8秒,2019-08-02 16:31:00
163.204.245.96,9999,高匿名,HTTP,广东省汕尾市  联通,1秒,2019-08-02 15:30:52
163.204.241.223,9999,高匿名,HTTP,广东省汕尾市  联通,2秒,2019-08-02 14:30:58
163.204.243.39,9999,高匿名,HTTP,广东省汕尾市  联通,2秒,2019-08-02 13:31:00
115.221.114.69,9999,高匿名,HTTP,浙江省温州市  电信,0.9秒,2019-08-02 11:30:58
117.90.6.248,9000,高匿名,HTTP,中国 江苏省 镇江市 电信,2秒,2019-08-02 10:30:58
123.206.30.254,808,高匿名,HTTP,天津市天津市 腾讯云计算（北京）有限责任公司 腾讯云,2秒,2019-08-02 09:30:56
60.13.42.83,9999,高匿名,HTTP,甘肃省平凉市  联通,1秒,2019-08-02 08:31:00
42.59.85.222,1133,高匿名,HTTP,辽宁省葫芦岛市  联通,3秒,2019-08-02 07:30:27
175.44.151.64,9000,高匿名,HTTP,福建省三明市  联通,3秒,2019-08-02 06:30:53
219.159.38.201,56210,高匿名,HTTP,内蒙古自治区赤峰市  联通,1秒,2019-08-02 05:30:27
47.101.36.129,8118,高匿名,HTTP,上海市上海市  阿里云,2秒,2019-08-02 04:30:56
180.118.135.238,9000,高匿名,HTTP,中国 江苏省 镇江市 电信,3秒,2019-08-02 03:30:59
180.118.135.131,9000,高匿名,HTTP,中国 江苏省 镇江市 电信,2秒,2019-08-02 02:30:59
115.218.210.195,9000,高匿名,HTTP,浙江省温州市  电信,1秒,2019-08-02 01:30:59
45.125.32.182,3128,高匿名,HTTP,四川省成都市 成都阿尔法云网络科技有限公司,2秒,2019-08-02 00:31:01
121.232.194.21,9000,高匿名,HTTP,中国 江苏省 镇江市 电信,1秒,2019-08-01 23:30:57
117.87.176.47,9000,高匿名,HTTP,江苏省徐州市  电信,3秒,2019-08-01 22:30:58
115.231.5.230,44524,高匿名,HTTP,浙江省绍兴市  电信,3秒,2019-08-01 21:30:52
114.235.22.93,9000,高匿名,HTTP,江苏省徐州市  电信,0.8秒,2019-08-01 20:30:58
117.90.0.227,9000,高匿名,HTTP,中国 江苏省 镇江市 电信,0.4秒,2019-08-01 19:30:54
125.110.66.44,9000,高匿名,HTTP,中国 浙江省 温州市 电信,3秒,2019-08-01 18:30:58
193.112.128.212,8118,高匿名,HTTP,广东省广州市 腾讯云计算（北京）有限责任公司 腾讯云,3秒,2019-08-01 17:30:50
121.232.148.150,9000,高匿名,HTTP,中国 江苏省 镇江市 电信,3秒,2019-08-01 16:31:00
183.129.244.16,11834,高匿名,HTTP,浙江省杭州市  电信,2秒,2019-08-01 15:30:58
61.178.149.237,59042,高匿名,HTTP,甘肃省白银市  电信,1秒,2019-08-01 14:30:41
45.125.32.181,3128,高匿名,HTTP,四川省成都市 成都阿尔法云网络科技有限公司,3秒,2019-08-01 13:31:00
101.132.164.113,8118,高匿名,HTTP,上海市上海市  阿里云,3秒,2019-08-01 12:31:00
120.194.42.157,38185,高匿名,HTTP,河南省洛阳市  移动,2秒,2019-08-01 11:30:57
117.90.1.143,9000,高匿名,HTTP,中国 江苏省 镇江市 电信,1秒,2019-08-01 10:30:50
101.200.43.49,6000,高匿名,HTTP,北京市大兴区 阿里云计算有限公司 阿里云,3秒,2019-08-01 09:31:01
58.22.222.88,9000,高匿名,HTTP,福建省三明市  联通,0.4秒,2019-08-01 08:30:58
58.22.213.107,9000,高匿名,HTTP,中国 福建省 三明市 联通,3秒,2019-08-01 07:31:00
203.110.164.139,52144,高匿名,HTTP,上海市上海市  电信,0.7秒,2019-08-01 06:30:58
117.90.1.198,9000,高匿名,HTTP,中国 江苏省 镇江市 电信,3秒,2019-08-01 05:30:38
117.90.2.35,9000,高匿名,HTTP,中国 江苏省 镇江市 电信,2秒,2019-08-01 04:31:00
121.232.148.191,9000,高匿名,HTTP,中国 江苏省 镇江市 电信,0.9秒,2019-08-01 03:30:59
175.44.148.100,9000,高匿名,HTTP,福建省三明市  联通,1秒,2019-08-01 02:30:56
180.118.135.47,9000,高匿名,HTTP,中国 江苏省 镇江市 电信,2秒,2019-08-01 01:30:58
117.90.1.131,9000,高匿名,HTTP,中国 江苏省 镇江市 电信,3秒,2019-08-01 00:30:59
14.29.232.142,8082,高匿名,HTTP,广东省广州市  电信,3秒,2019-07-31 23:30:41
36.111.146.161,9000,高匿名,HTTP,内蒙古自治区呼和浩特市  电信,1秒,2019-07-31 22:30:55
117.90.1.201,9000,高匿名,HTTP,中国 江苏省 镇江市 电信,0.5秒,2019-07-31 21:30:56
60.188.38.186,9000,高匿名,HTTP,中国 浙江省 台州市 电信,3秒,2019-07-31 20:30:30
115.28.148.192,8118,高匿名,HTTP,山东省青岛市 阿里云计算有限公司 阿里云,3秒,2019-07-31 19:30:56
121.232.194.91,9000,高匿名,HTTP,中国 江苏省 镇江市 电信,3秒,2019-07-31 18:30:59
115.218.210.150,9000,高匿名,HTTP,浙江省温州市  电信,2秒,2019-07-31 17:30:49
115.218.215.20,9000,高匿名,HTTP,浙江省温州市  电信,3秒,2019-07-31 16:30:58
117.90.252.13,9000,高匿名,HTTP,中国 江苏省 镇江市 电信,2秒,2019-07-31 15:30:57
49.81.125.14,9000,高匿名,HTTP,江苏省徐州市  电信,0.5秒,2019-07-31 14:30:58
59.62.35.56,9000,高匿名,HTTP,江西省萍乡市  电信,3秒,2019-07-31 13:30:57
117.90.252.227,9000,高匿名,HTTP,江苏省镇江市  电信,1秒,2019-07-31 12:30:59
117.90.137.148,9000,高匿名,HTTP,江苏省镇江市  电信,1秒,2019-07-31 11:31:01
120.84.100.29,9999,高匿名,HTTP,广东省揭阳市  联通,2秒,2019-07-31 10:31:00
58.253.152.203,9999,高匿名,HTTP,广东省揭阳市  联通,1秒,2019-07-31 09:30:59
114.235.23.56,9000,高匿名,HTTP,江苏省徐州市  电信,2秒,2019-07-31 08:30:52
182.92.113.148,8118,高匿名,HTTP,中国 北京市 北京市 阿里云,3秒,2019-07-31 07:30:55
175.44.154.51,9000,高匿名,HTTP,中国 福建省 三明市 联通,2秒,2019-07-31 06:30:58
121.232.148.107,9000,高匿名,HTTP,中国 江苏省 镇江市 电信,3秒,2019-07-31 05:30:57
119.183.249.111,9000,高匿名,HTTP,山东省潍坊市  联通,1秒,2019-07-31 04:30:49
61.164.39.69,53281,高匿名,HTTP,浙江省杭州市 杭州众望信息技术有限公司 电信,0.7秒,2019-07-31 03:30:56
117.90.6.12,9000,高匿名,HTTP,中国 江苏省 镇江市 电信,1.0秒,2019-07-31 02:30:53
58.22.206.17,9000,高匿名,HTTP,中国 福建省 三明市 联通,1秒,2019-07-31 01:30:50
117.90.5.71,9000,高匿名,HTTP,中国 江苏省 镇江市 电信,1秒,2019-07-31 00:30:59
